{
    "Tesseract": {
        "levenshtein_distance": 7216,
        "normalized_levenshtein": 0.20440768228428985,
        "char_error_rate": 20.440768228428986,
        "word_error_rate": 30.604982206405694,
        "similarity_ratio": 41.93988506222351,
        "precision": 79.27292457948997,
        "recall": 89.57694665849172,
        "f1_score": 84.1105354058722,
        "processing_time": 16.543672561645508
    },
    "PaddleOCR": {
        "levenshtein_distance": 22771,
        "normalized_levenshtein": 0.6450342756784319,
        "char_error_rate": 64.50342756784319,
        "word_error_rate": 80.74545795092713,
        "similarity_ratio": 19.86970684039088,
        "precision": 71.90876350540216,
        "recall": 73.45187001839363,
        "f1_score": 72.6721261753109,
        "processing_time": 30.75365686416626
    },
    "Nougat": {
        "levenshtein_distance": 5491,
        "normalized_levenshtein": 0.15554359526372444,
        "char_error_rate": 15.554359526372444,
        "word_error_rate": 20.041206218392958,
        "similarity_ratio": 74.71011131725417,
        "precision": 87.24226804123711,
        "recall": 83.01655426118946,
        "f1_score": 85.07697141061891,
        "processing_time": 352.8855528831482
    }
}