{
    "Tesseract": {
        "levenshtein_distance": 6795,
        "normalized_levenshtein": 0.19827259198739458,
        "char_error_rate": 19.82725919873946,
        "word_error_rate": 29.0407358738502,
        "similarity_ratio": 44.00636291330531,
        "jaccard_similarity": 75.8876523582406,
        "cosine_similarity": 95.003032359408,
        "precision": 90.69767441860465,
        "recall": 97.29418537708693,
        "f1_score": 93.88019627812238,
        "processing_time": 16.39267921447754
    },
    "PaddleOCR": {
        "levenshtein_distance": 22236,
        "normalized_levenshtein": 0.648828455545505,
        "char_error_rate": 64.8828455545505,
        "word_error_rate": 80.73962830861649,
        "similarity_ratio": 23.399029182993157,
        "jaccard_similarity": 60.82218920257553,
        "cosine_similarity": 94.16939732150512,
        "precision": 88.873153955088,
        "recall": 91.00890822457013,
        "f1_score": 89.92835209825998,
        "processing_time": 29.710388660430908
    },
    "Nougat": {
        "levenshtein_distance": 4867,
        "normalized_levenshtein": 0.1420151148201103,
        "char_error_rate": 14.201511482011032,
        "word_error_rate": 18.246667918152806,
        "similarity_ratio": 57.712857506323246,
        "jaccard_similarity": 81.23883263847527,
        "cosine_similarity": 95.98772405424528,
        "precision": 96.24075184963007,
        "recall": 95.23149980213692,
        "f1_score": 95.73346593734459,
        "processing_time": 347.54365968704224
    }
}