{
    "Tesseract": {
        "levenshtein_distance": 28907,
        "normalized_levenshtein": 0.2869579891994917,
        "char_error_rate": 28.695798919949173,
        "word_error_rate": 32.49518842739182,
        "similarity_ratio": 3.7828611714068385,
        "jaccard_similarity": 60.88727931190584,
        "cosine_similarity": 94.32740178514514,
        "precision": 87.76404942208052,
        "recall": 97.62492874786244,
        "f1_score": 92.43223794674982,
        "processing_time": 54.77700328826904
    },
    "PaddleOCR": {
        "levenshtein_distance": 23859,
        "normalized_levenshtein": 0.23684680749682338,
        "char_error_rate": 23.68468074968234,
        "word_error_rate": 26.74613522071149,
        "similarity_ratio": 40.94892398456131,
        "jaccard_similarity": 59.53153988868275,
        "cosine_similarity": 94.9964655476056,
        "precision": 89.57096517534733,
        "recall": 96.61979269822407,
        "f1_score": 92.96195134345423,
        "processing_time": 85.22093152999878
    },
    "Nougat": {
        "levenshtein_distance": 28667,
        "normalized_levenshtein": 0.2845755241423126,
        "char_error_rate": 28.45755241423126,
        "word_error_rate": 29.90625194015025,
        "similarity_ratio": 57.532878770368654,
        "jaccard_similarity": 66.98876991381562,
        "cosine_similarity": 77.48027936407954,
        "precision": 90.3558566807056,
        "recall": 96.00492898372138,
        "f1_score": 93.09477391359033,
        "processing_time": 1666.7005031108856
    }
}