{
    "Tesseract": {
        "levenshtein_distance": 4466,
        "normalized_levenshtein": 0.12134880308670488,
        "char_error_rate": 12.134880308670489,
        "word_error_rate": 17.240788346186804,
        "similarity_ratio": 73.50057198888707,
        "jaccard_similarity": 82.20757825370676,
        "cosine_similarity": 94.87619970402226,
        "precision": 95.316565481353,
        "recall": 96.77703416696019,
        "f1_score": 96.04124792449532,
        "processing_time": 17.888014554977417
    },
    "PaddleOCR": {
        "levenshtein_distance": 5288,
        "normalized_levenshtein": 0.1436839388093362,
        "char_error_rate": 14.368393880933619,
        "word_error_rate": 19.98286203941731,
        "similarity_ratio": 68.73357856016816,
        "jaccard_similarity": 73.46398305084746,
        "cosine_similarity": 94.37545832660862,
        "precision": 94.5040710584752,
        "recall": 94.13824884792626,
        "f1_score": 94.320805245175,
        "processing_time": 28.277629613876343
    },
    "Nougat": {
        "levenshtein_distance": 4229,
        "normalized_levenshtein": 0.11490911067032579,
        "char_error_rate": 11.49091106703258,
        "word_error_rate": 14.875749785775493,
        "similarity_ratio": 83.59201471690399,
        "jaccard_similarity": 84.73895582329317,
        "cosine_similarity": 95.08010200365625,
        "precision": 95.8827634333566,
        "recall": 95.93297259556641,
        "f1_score": 95.90786144315504,
        "processing_time": 340.56138014793396
    }
}