{
    "Tesseract": {
        "levenshtein_distance": 20944,
        "normalized_levenshtein": 0.49338044758539457,
        "char_error_rate": 49.33804475853945,
        "word_error_rate": 56.45188007288389,
        "similarity_ratio": 31.87961256986403,
        "jaccard_similarity": 57.9785392869505,
        "cosine_similarity": 89.18509992673617,
        "precision": 78.05970149253731,
        "recall": 96.9824679703304,
        "f1_score": 86.49827093670125,
        "processing_time": 28.264050006866455
    },
    "PaddleOCR": {
        "levenshtein_distance": 35379,
        "normalized_levenshtein": 0.8334275618374558,
        "char_error_rate": 83.34275618374558,
        "word_error_rate": 99.50306443597813,
        "similarity_ratio": 16.861738355949075,
        "jaccard_similarity": 51.1404958677686,
        "cosine_similarity": 89.74886144922117,
        "precision": 78.03806734992679,
        "recall": 94.40311725115126,
        "f1_score": 85.44405258095543,
        "processing_time": 134.45642828941345
    },
    "Nougat": {
        "levenshtein_distance": 19984,
        "normalized_levenshtein": 0.4707656065959953,
        "char_error_rate": 47.07656065959953,
        "word_error_rate": 53.61934735795925,
        "similarity_ratio": 51.43552868455831,
        "jaccard_similarity": 63.40167046317388,
        "cosine_similarity": 71.69246015108139,
        "precision": 78.08181693802162,
        "recall": 96.76161410647677,
        "f1_score": 86.42386613159687,
        "processing_time": 1240.8071660995483
    }
}